{"schema":6,"addons":[{"id":"{46ca3553-b1b7-442e-8f5b-08d3e2a54c5f}","icons":{"32":"https://addons.mozilla.org/static-server/img/addon-icons/default-32.2b26add4b394.png","64":"https://addons.mozilla.org/static-server/img/addon-icons/default-64.d144b50f2bb8.png","128":"https://addons.mozilla.org/static-server/img/addon-icons/default-128.452018499894.png"},"name":"Kirby9","version":"2.0","sourceURI":"https://addons.mozilla.org/firefox/downloads/file/2834100/kirby9-2.0.xpi","homepageURL":null,"supportURL":null,"amoListingURL":"https://addons.mozilla.org/en-US/firefox/addon/kirby9/","description":null,"fullDescription":null,"weeklyDownloads":2098,"type":"theme","creator":{"name":"＼(^o^)／","url":"https://addons.mozilla.org/en-US/firefox/user/11397950/"},"developers":[],"screenshots":[{"url":"https://addons.mozilla.org/user-media/version-previews/full/3788/3788694.png?modified=1623022604","width":680,"height":92,"thumbnailURL":"https://addons.mozilla.org/user-media/version-previews/thumbs/3788/3788694.png?modified=1623022604","thumbnailWidth":473,"thumbnailHeight":64},{"url":"https://addons.mozilla.org/user-media/version-previews/full/3788/3788696.svg?modified=1623022605","width":720,"height":92,"thumbnailURL":"https://addons.mozilla.org/user-media/version-previews/thumbs/3788/3788696.jpg?modified=1623022605","thumbnailWidth":720,"thumbnailHeight":92}],"contributionURL":"","averageRating":4.9885,"reviewCount":6,"reviewURL":"https://addons.mozilla.org/en-US/firefox/addon/kirby9/reviews/","updateDate":1557778801000}]}