{"csv-import-beta-rollout":{"slug":"csv-import-beta-rollout","branch":{"slug":"enable-csv-import","ratio":1,"feature":{"value":{},"enabled":false,"featureId":"this-is-included-for-desktop-pre-95-support"},"features":[{"value":{"csvImport":true},"enabled":true,"featureId":"cm-csv-import"}]},"active":true,"experimentType":"rollout","source":"rs-loader","userFacingName":"CSV Import (Beta Rollout)","userFacingDescription":"This rollout enables users to import logins from a CSV file from the about:logins page.","lastSeen":"2024-08-08T16:07:50.258Z","featureIds":["cm-csv-import"],"prefs":[{"name":"signon.management.page.fileImport.enabled","branch":"default","featureId":"cm-csv-import","variable":"csvImport","originalValue":true}],"isRollout":true},"review-checker-staged-rollout-no-survey-beta":{"slug":"review-checker-staged-rollout-no-survey-beta","branch":{"slug":"treatment-a","ratio":4,"feature":{"value":{},"enabled":false,"featureId":"this-is-included-for-desktop-pre-95-support"},"features":[{"value":{"enabled":true,"surveyEnabled":false},"enabled":true,"featureId":"shopping2023"}]},"active":true,"experimentType":"rollout","source":"rs-loader","userFacingName":"Review Checker Staged Rollout No Survey Beta","userFacingDescription":"Experimenting with integration of a review quality checking feature to assist customers in checking the reliability of product reviews while shopping.","lastSeen":"2024-08-08T16:07:50.268Z","featureIds":["shopping2023"],"prefs":[],"isRollout":true},"upgrade-spotlight-rollout":{"slug":"upgrade-spotlight-rollout","branch":{"slug":"treatment","ratio":1,"feature":{"value":{},"enabled":false,"featureId":"this-is-included-for-desktop-pre-95-support"},"features":[{"value":{"enabled":false},"enabled":true,"featureId":"upgradeDialog"}]},"active":true,"experimentType":"rollout","source":"rs-loader","userFacingName":"Upgrade Spotlight Rollout","userFacingDescription":"Experimenting on onboarding content when you upgrade Firefox.","lastSeen":"2024-08-08T16:07:50.270Z","featureIds":["upgradeDialog"],"prefs":[],"isRollout":true},"address-autofill-desktop-pref-beta-rollout":{"slug":"address-autofill-desktop-pref-beta-rollout","branch":{"slug":"enable-address-autofill","ratio":1,"feature":{"value":{},"enabled":false,"featureId":"this-is-included-for-desktop-pre-95-support"},"features":[{"value":{"status":true},"enabled":true,"featureId":"address-autofill-feature"}]},"active":true,"experimentType":"rollout","source":"rs-loader","userFacingName":"Address Autofill Desktop ( Pref, Beta Rollout )","userFacingDescription":"Enable address autofill feature.","lastSeen":"2024-08-08T16:07:50.273Z","featureIds":["address-autofill-feature"],"prefs":[{"name":"extensions.formautofill.addresses.experiments.enabled","branch":"default","featureId":"address-autofill-feature","variable":"status","originalValue":false}],"isRollout":true},"consolidated-search-configuration-for-beta":{"slug":"consolidated-search-configuration-for-beta","branch":{"slug":"control","ratio":1,"feature":{"value":{},"enabled":false,"featureId":"this-is-included-for-desktop-pre-95-support"},"features":[{"value":{"newSearchConfigEnabled":true},"enabled":true,"featureId":"search"}]},"active":true,"experimentType":"rollout","source":"rs-loader","userFacingName":"Consolidated Search Configuration for Beta","userFacingDescription":"Consolidated search configuration for desktop and mobile Firefox","lastSeen":"2024-08-08T16:07:50.277Z","featureIds":["search"],"prefs":[{"name":"browser.search.newSearchConfig.enabled","branch":"user","featureId":"search","variable":"newSearchConfigEnabled","originalValue":null}],"isRollout":true},"tab-hover-preview-beta-rollout":{"slug":"tab-hover-preview-beta-rollout","branch":{"slug":"control","ratio":1,"feature":{"value":{},"enabled":false,"featureId":"this-is-included-for-desktop-pre-95-support"},"features":[{"value":{"tabPreviewsEnabled":true},"enabled":true,"featureId":"tabPreview"}]},"active":true,"experimentType":"rollout","source":"rs-loader","userFacingName":"Tab Hover Preview Beta Rollout","userFacingDescription":"Enable Tab Hover Preview.","lastSeen":"2024-08-08T16:07:50.280Z","featureIds":["tabPreview"],"prefs":[{"name":"browser.tabs.hoverPreview.enabled","branch":"default","featureId":"tabPreview","variable":"tabPreviewsEnabled","originalValue":false}],"isRollout":true},"off-main-thread-decompression-experiment-beta":{"slug":"off-main-thread-decompression-experiment-beta","branch":{"slug":"treatment-c-main-thread-decompression-omt-ondatafinished","ratio":1,"feature":{"value":{},"enabled":false,"featureId":"this-is-included-for-desktop-pre-95-support"},"features":[{"value":{"sendOnDataFinished":true,"sendOnDataFinishedToCssLoader":true,"sendOnDataFinishedToHtml5parser":true,"sendOnDataFinshedFromInputStreamPump":true,"enableOffMainThreadStreamDecompression":false},"enabled":true,"featureId":"networking"}]},"active":true,"experimentType":"nimbus","source":"rs-loader","userFacingName":"Off-Main-Thread Decompression Experiment Beta","userFacingDescription":"The experiment alters parameters that control whether HTML5 parsing, CSS parsing, and stream decompression are processed on the main thread or a background thread","lastSeen":"2024-08-08T16:07:50.292Z","featureIds":["networking"],"prefs":[{"name":"network.send_OnDataFinished","branch":"default","featureId":"networking","variable":"sendOnDataFinished","originalValue":true},{"name":"network.send_OnDataFinished.cssLoader","branch":"default","featureId":"networking","variable":"sendOnDataFinishedToCssLoader","originalValue":true},{"name":"network.send_OnDataFinished.html5parser","branch":"default","featureId":"networking","variable":"sendOnDataFinishedToHtml5parser","originalValue":true},{"name":"network.send_OnDataFinished.nsInputStreamPump","branch":"default","featureId":"networking","variable":"sendOnDataFinshedFromInputStreamPump","originalValue":true},{"name":"network.decompression_off_mainthread2","branch":"default","featureId":"networking","variable":"enableOffMainThreadStreamDecompression","originalValue":true}],"isRollout":false}}